[
  {
    "name": "Chat dos manos",
    "groupId": "120363406714580586@g.us",
    "antilinkhard": false,
    "So_Admins": false,
    "modobn": false,
    "autorepo": false,
    "bangp": false,
    "antimencao": false,
    "wellcome": [
      {
        "bemvindo1": false,
        "legendabv": "Olá #numerodele#, seja bem vindo(a) ao Grupo: *#nomedogp#*, Shizuku lhe deseja as boas vindas 🕸️",
        "legendasaiu": "Adeus, #numerodele#, espero que não se arrependa pela sua decisão. "
      },
      {
        "bemvindo2": false,
        "legendabv": "Olá #numerodele#, seja bem vindo(a) ao Grupo: *#nomedogp#*, Shizuku lhe deseja as boas vindas 🕸️",
        "legendasaiu": "Adeus, #numerodele#, espero que não se arrependa pela sua decisão. "
      }
    ]
  }
]
